{
	"type": "GenericCrafter",
	"name": "Light Extractor",
	"description": "Creates Light for further processing, transferred as liquid",
	"liquidCapacity": 50,
	"outputLiquid": {"liquid": "light", "amount": 5},
	"size": 2,
	"hasPower": true,
	"hasLiquids": true,
	"craftTime": 10,
	"updateEffect": "smeltsmoke",
	"consumes": {
		"power": 0.5
	},
	"requirements": [
		{ "item": "lead", "amount": 50 },
		{ "item": "copper", "amount": 80 },
		{ "item": "silicon", "amount": 20 }
	],
	"category": "crafting",
	"research": "kiln"
}
