{
	"type": "GenericSmelter",
	"name": "Light Packager",
	"description": "Packages light from pipes for processing or storage in the core",
	"liquidCapacity": 100,
	"outputItem": {"item": "lightcube", "amount": 2},
	"size": 2,
	"hasPower": true,
	"hasLiquids": true,
	"hasItems": true,
	"craftTime": 50,
	"updateEffect": "smeltsmoke",
	"consumes": {
		"power": 0.5,
		"liquid": {
			"liquid": "light",
			"amount": 1.0
		}
	},
	"requirements": [
		{ "item": "lead", "amount": 50 },
		{ "item": "copper", "amount": 50 }
		
	],
	"category": "crafting",
	"research": "lightextractor"
}
