{
	"type": "SingleTypeGenerator",
	"name": "Solar Array",
	"description": "A solar array taking in Packaged Light to unpackage it and generate power",
	"size": 2,
	"hasPower": true,
	"hasItems": true,
	"itemDuration": 60,
	"powerProduction": 10,
	"consumes": {
		"items": {
			"items": [
				{ "item": "lightcube", "amount": 1 }
			],
			"optional": true
		}
	},
	"requirements": [
		{ "item": "copper", "amount": 80 },
		{ "item": "lead", "amount": 50 }
	],
	"category": "power",
	"research": "lightpackager"
}
