{
	"name": "Bright Cavern",
	"description": "An open, mineral rich cavern with veins of solid light shining through.",
	"loadout": "basicFoundation",
    "startingItems": [
    	{"item": "copper", "amount": 500},
    	{"item": "lead", "amount": 500},
        {"item": "graphite", "amount": 250}
    ],
    "conditionWave": 10,
    "launchPeriod": 10,
    "requirements": [
    	{
    		"type": "ZoneWave",
    		"zone": "groundZero", 
    		"wave": 10
    	},
        {
            "type": "ZoneWave",
            "zone": "stainedMountains",
            "wave": 10
        },
    	{
    		"type": "Unlock",
    		"block": "kiln"
    	}
    	{
    		"type": "Unlock",
    		"block": "pneumatic-drill"
    	}
    ],
    "resources": ["copper", "lightcube", "lead", "coal", "sand","thorium","titanium"]
}
